Kommunkod;Kommun;Folkmängd 31 december 2020;Huvudgrupp kod;Huvudgrupp namn;Kommungrupp kod;Kommungrupp 2017 namn;Länskod;Län;Region;;;;;;;;;;;;;;;;;;;;;;;
0114;Upplands Väsby;47 184;A;Storstäder och storstadsnära kommuner;2;Pendlingskommun nära storstad;01;Stockholms län;Region Stockholm;;;;;;;;;;;;;;;;;;;;;;;
0115;Vallentuna;34 119;A;Storstäder och storstadsnära kommuner;2;Pendlingskommun nära storstad;01;Stockholms län;Region Stockholm;;;;;;;;;;;;;;;;;;;;;;;
0117;Österåker;46 644;A;Storstäder och storstadsnära kommuner;2;Pendlingskommun nära storstad;01;Stockholms län;Region Stockholm;;;;;;;;;;;;;;;;;;;;;;;
0120;Värmdö;45 566;A;Storstäder och storstadsnära kommuner;2;Pendlingskommun nära storstad;01;Stockholms län;Region Stockholm;;;;;;;;;;;;;;;;;;;;;;;
0123;Järfälla;81 274;A;Storstäder och storstadsnära kommuner;2;Pendlingskommun nära storstad;01;Stockholms län;Region Stockholm;;;;;;;;;;;;;;;;;;;;;;;
0125;Ekerö;28 879;A;Storstäder och storstadsnära kommuner;2;Pendlingskommun nära storstad;01;Stockholms län;Region Stockholm;;;;;;;;;;;;;;;;;;;;;;;
0126;Huddinge;113 234;A;Storstäder och storstadsnära kommuner;2;Pendlingskommun nära storstad;01;Stockholms län;Region Stockholm;;;;;;;;;;;;;;;;;;;;;;;
0127;Botkyrka;94 847;A;Storstäder och storstadsnära kommuner;2;Pendlingskommun nära storstad;01;Stockholms län;Region Stockholm;;;;;;;;;;;;;;;;;;;;;;;
0128;Salem;16 959;A;Storstäder och storstadsnära kommuner;2;Pendlingskommun nära storstad;01;Stockholms län;Region Stockholm;;;;;;;;;;;;;;;;;;;;;;;
0136;Haninge;93 690;A;Storstäder och storstadsnära kommuner;2;Pendlingskommun nära storstad;01;Stockholms län;Region Stockholm;;;;;;;;;;;;;;;;;;;;;;;
0138;Tyresö;48 678;A;Storstäder och storstadsnära kommuner;2;Pendlingskommun nära storstad;01;Stockholms län;Region Stockholm;;;;;;;;;;;;;;;;;;;;;;;
0139;Upplands-Bro;30 195;A;Storstäder och storstadsnära kommuner;2;Pendlingskommun nära storstad;01;Stockholms län;Region Stockholm;;;;;;;;;;;;;;;;;;;;;;;
0140;Nykvarn;11 222;B;Större städer och kommuner nära större stad;4;Pendlingskommun nära större stad;01;Stockholms län;Region Stockholm;;;;;;;;;;;;;;;;;;;;;;;
0160;Täby;72 755;A;Storstäder och storstadsnära kommuner;2;Pendlingskommun nära storstad;01;Stockholms län;Region Stockholm;;;;;;;;;;;;;;;;;;;;;;;
0162;Danderyd;32 712;A;Storstäder och storstadsnära kommuner;2;Pendlingskommun nära storstad;01;Stockholms län;Region Stockholm;;;;;;;;;;;;;;;;;;;;;;;
0163;Sollentuna;73 990;A;Storstäder och storstadsnära kommuner;2;Pendlingskommun nära storstad;01;Stockholms län;Region Stockholm;;;;;;;;;;;;;;;;;;;;;;;
0180;Stockholm;975 551;A;Storstäder och storstadsnära kommuner;1;Storstäder;01;Stockholms län;Region Stockholm;;;;;;;;;;;;;;;;;;;;;;;
0181;Södertälje;100 111;B;Större städer och kommuner nära större stad;3;Större stad;01;Stockholms län;Region Stockholm;;;;;;;;;;;;;;;;;;;;;;;
0182;Nacka;106 505;A;Storstäder och storstadsnära kommuner;2;Pendlingskommun nära storstad;01;Stockholms län;Region Stockholm;;;;;;;;;;;;;;;;;;;;;;;
0183;Sundbyberg;52 801;A;Storstäder och storstadsnära kommuner;2;Pendlingskommun nära storstad;01;Stockholms län;Region Stockholm;;;;;;;;;;;;;;;;;;;;;;;
0184;Solna;83 162;A;Storstäder och storstadsnära kommuner;2;Pendlingskommun nära storstad;01;Stockholms län;Region Stockholm;;;;;;;;;;;;;;;;;;;;;;;
0186;Lidingö;48 005;A;Storstäder och storstadsnära kommuner;2;Pendlingskommun nära storstad;01;Stockholms län;Region Stockholm;;;;;;;;;;;;;;;;;;;;;;;
0187;Vaxholm;11 886;A;Storstäder och storstadsnära kommuner;2;Pendlingskommun nära storstad;01;Stockholms län;Region Stockholm;;;;;;;;;;;;;;;;;;;;;;;
0188;Norrtälje;63 673;C;Mindre städer/tätorter och landsbygdskommuner;6;Mindre stad/tätort;01;Stockholms län;Region Stockholm;;;;;;;;;;;;;;;;;;;;;;;
0191;Sigtuna;49 537;A;Storstäder och storstadsnära kommuner;2;Pendlingskommun nära storstad;01;Stockholms län;Region Stockholm;;;;;;;;;;;;;;;;;;;;;;;
0192;Nynäshamn;28 811;A;Storstäder och storstadsnära kommuner;2;Pendlingskommun nära storstad;01;Stockholms län;Region Stockholm;;;;;;;;;;;;;;;;;;;;;;;
0305;Håbo;22 019;A;Storstäder och storstadsnära kommuner;2;Pendlingskommun nära storstad;03;Uppsala län;Region Uppsala;;;;;;;;;;;;;;;;;;;;;;;
0319;Älvkarleby;9 511;B;Större städer och kommuner nära större stad;4;Pendlingskommun nära större stad;03;Uppsala län;Region Uppsala;;;;;;;;;;;;;;;;;;;;;;;
0330;Knivsta;19 106;B;Större städer och kommuner nära större stad;4;Pendlingskommun nära större stad;03;Uppsala län;Region Uppsala;;;;;;;;;;;;;;;;;;;;;;;
0331;Heby;14 101;B;Större städer och kommuner nära större stad;4;Pendlingskommun nära större stad;03;Uppsala län;Region Uppsala;;;;;;;;;;;;;;;;;;;;;;;
0360;Tierp;21 327;B;Större städer och kommuner nära större stad;4;Pendlingskommun nära större stad;03;Uppsala län;Region Uppsala;;;;;;;;;;;;;;;;;;;;;;;
0380;Uppsala;233 839;B;Större städer och kommuner nära större stad;3;Större stad;03;Uppsala län;Region Uppsala;;;;;;;;;;;;;;;;;;;;;;;
0381;Enköping;46 240;B;Större städer och kommuner nära större stad;5;Lågpendlingskommun nära större stad;03;Uppsala län;Region Uppsala;;;;;;;;;;;;;;;;;;;;;;;
0382;Östhammar;22 251;B;Större städer och kommuner nära större stad;5;Lågpendlingskommun nära större stad;03;Uppsala län;Region Uppsala;;;;;;;;;;;;;;;;;;;;;;;
0428;Vingåker;9 144;C;Mindre städer/tätorter och landsbygdskommuner;7;Pendlingskommun nära mindre stad/tätort;04;Södermanlands län;Region Sörmland;;;;;;;;;;;;;;;;;;;;;;;
0461;Gnesta;11 421;B;Större städer och kommuner nära större stad;4;Pendlingskommun nära större stad;04;Södermanlands län;Region Sörmland;;;;;;;;;;;;;;;;;;;;;;;
0480;Nyköping;57 071;C;Mindre städer/tätorter och landsbygdskommuner;6;Mindre stad/tätort;04;Södermanlands län;Region Sörmland;;;;;;;;;;;;;;;;;;;;;;;
0481;Oxelösund;11 995;C;Mindre städer/tätorter och landsbygdskommuner;7;Pendlingskommun nära mindre stad/tätort;04;Södermanlands län;Region Sörmland;;;;;;;;;;;;;;;;;;;;;;;
0482;Flen;16 431;B;Större städer och kommuner nära större stad;5;Lågpendlingskommun nära större stad;04;Södermanlands län;Region Sörmland;;;;;;;;;;;;;;;;;;;;;;;
0483;Katrineholm;34 765;C;Mindre städer/tätorter och landsbygdskommuner;6;Mindre stad/tätort;04;Södermanlands län;Region Sörmland;;;;;;;;;;;;;;;;;;;;;;;
0484;Eskilstuna;106 975;B;Större städer och kommuner nära större stad;3;Större stad;04;Södermanlands län;Region Sörmland;;;;;;;;;;;;;;;;;;;;;;;
0486;Strängnäs;37 290;B;Större städer och kommuner nära större stad;4;Pendlingskommun nära större stad;04;Södermanlands län;Region Sörmland;;;;;;;;;;;;;;;;;;;;;;;
0488;Trosa;14 309;B;Större städer och kommuner nära större stad;4;Pendlingskommun nära större stad;04;Södermanlands län;Region Sörmland;;;;;;;;;;;;;;;;;;;;;;;
0509;Ödeshög;5 338;C;Mindre städer/tätorter och landsbygdskommuner;7;Pendlingskommun nära mindre stad/tätort;05;Östergötlands län;Region Östergötland;;;;;;;;;;;;;;;;;;;;;;;
0512;Ydre;3 726;C;Mindre städer/tätorter och landsbygdskommuner;7;Pendlingskommun nära mindre stad/tätort;05;Östergötlands län;Region Östergötland;;;;;;;;;;;;;;;;;;;;;;;
0513;Kinda;9 991;B;Större städer och kommuner nära större stad;5;Lågpendlingskommun nära större stad;05;Östergötlands län;Region Östergötland;;;;;;;;;;;;;;;;;;;;;;;
0560;Boxholm;5 441;C;Mindre städer/tätorter och landsbygdskommuner;7;Pendlingskommun nära mindre stad/tätort;05;Östergötlands län;Region Östergötland;;;;;;;;;;;;;;;;;;;;;;;
0561;Åtvidaberg;11 427;B;Större städer och kommuner nära större stad;4;Pendlingskommun nära större stad;05;Östergötlands län;Region Östergötland;;;;;;;;;;;;;;;;;;;;;;;
0562;Finspång;21 765;B;Större städer och kommuner nära större stad;5;Lågpendlingskommun nära större stad;05;Östergötlands län;Region Östergötland;;;;;;;;;;;;;;;;;;;;;;;
0563;Valdemarsvik;7 737;B;Större städer och kommuner nära större stad;5;Lågpendlingskommun nära större stad;05;Östergötlands län;Region Östergötland;;;;;;;;;;;;;;;;;;;;;;;
0580;Linköping;164 616;B;Större städer och kommuner nära större stad;3;Större stad;05;Östergötlands län;Region Östergötland;;;;;;;;;;;;;;;;;;;;;;;
0581;Norrköping;143 478;B;Större städer och kommuner nära större stad;3;Större stad;05;Östergötlands län;Region Östergötland;;;;;;;;;;;;;;;;;;;;;;;
0582;Söderköping;14 616;B;Större städer och kommuner nära större stad;4;Pendlingskommun nära större stad;05;Östergötlands län;Region Östergötland;;;;;;;;;;;;;;;;;;;;;;;
0583;Motala;43 640;B;Större städer och kommuner nära större stad;5;Lågpendlingskommun nära större stad;05;Östergötlands län;Region Östergötland;;;;;;;;;;;;;;;;;;;;;;;
0584;Vadstena;7 423;C;Mindre städer/tätorter och landsbygdskommuner;7;Pendlingskommun nära mindre stad/tätort;05;Östergötlands län;Region Östergötland;;;;;;;;;;;;;;;;;;;;;;;
0586;Mjölby;27 960;B;Större städer och kommuner nära större stad;4;Pendlingskommun nära större stad;05;Östergötlands län;Region Östergötland;;;;;;;;;;;;;;;;;;;;;;;
0604;Aneby;6 821;B;Större städer och kommuner nära större stad;4;Pendlingskommun nära större stad;06;Jönköpings län;Region Jönköpings län;;;;;;;;;;;;;;;;;;;;;;;
0617;Gnosjö;9 614;C;Mindre städer/tätorter och landsbygdskommuner;7;Pendlingskommun nära mindre stad/tätort;06;Jönköpings län;Region Jönköpings län;;;;;;;;;;;;;;;;;;;;;;;
0642;Mullsjö;7 385;B;Större städer och kommuner nära större stad;4;Pendlingskommun nära större stad;06;Jönköpings län;Region Jönköpings län;;;;;;;;;;;;;;;;;;;;;;;
0643;Habo;12 589;B;Större städer och kommuner nära större stad;4;Pendlingskommun nära större stad;06;Jönköpings län;Region Jönköpings län;;;;;;;;;;;;;;;;;;;;;;;
0662;Gislaved;29 635;C;Mindre städer/tätorter och landsbygdskommuner;8;Landsbygdskommun;06;Jönköpings län;Region Jönköpings län;;;;;;;;;;;;;;;;;;;;;;;
0665;Vaggeryd;14 532;B;Större städer och kommuner nära större stad;5;Lågpendlingskommun nära större stad;06;Jönköpings län;Region Jönköpings län;;;;;;;;;;;;;;;;;;;;;;;
0680;Jönköping;142 427;B;Större städer och kommuner nära större stad;3;Större stad;06;Jönköpings län;Region Jönköpings län;;;;;;;;;;;;;;;;;;;;;;;
0682;Nässjö;31 563;B;Större städer och kommuner nära större stad;5;Lågpendlingskommun nära större stad;06;Jönköpings län;Region Jönköpings län;;;;;;;;;;;;;;;;;;;;;;;
0683;Värnamo;34 530;C;Mindre städer/tätorter och landsbygdskommuner;6;Mindre stad/tätort;06;Jönköpings län;Region Jönköpings län;;;;;;;;;;;;;;;;;;;;;;;
0684;Sävsjö;11 721;C;Mindre städer/tätorter och landsbygdskommuner;7;Pendlingskommun nära mindre stad/tätort;06;Jönköpings län;Region Jönköpings län;;;;;;;;;;;;;;;;;;;;;;;
0685;Vetlanda;27 502;C;Mindre städer/tätorter och landsbygdskommuner;8;Landsbygdskommun;06;Jönköpings län;Region Jönköpings län;;;;;;;;;;;;;;;;;;;;;;;
0686;Eksjö;17 788;C;Mindre städer/tätorter och landsbygdskommuner;7;Pendlingskommun nära mindre stad/tätort;06;Jönköpings län;Region Jönköpings län;;;;;;;;;;;;;;;;;;;;;;;
0687;Tranås;18 903;B;Större städer och kommuner nära större stad;5;Lågpendlingskommun nära större stad;06;Jönköpings län;Region Jönköpings län;;;;;;;;;;;;;;;;;;;;;;;
0760;Uppvidinge;9 498;B;Större städer och kommuner nära större stad;5;Lågpendlingskommun nära större stad;07;Kronobergs län;Region Kronoberg;;;;;;;;;;;;;;;;;;;;;;;
0761;Lessebo;8 655;B;Större städer och kommuner nära större stad;4;Pendlingskommun nära större stad;07;Kronobergs län;Region Kronoberg;;;;;;;;;;;;;;;;;;;;;;;
0763;Tingsryd;12 369;B;Större städer och kommuner nära större stad;5;Lågpendlingskommun nära större stad;07;Kronobergs län;Region Kronoberg;;;;;;;;;;;;;;;;;;;;;;;
0764;Alvesta;20 224;B;Större städer och kommuner nära större stad;4;Pendlingskommun nära större stad;07;Kronobergs län;Region Kronoberg;;;;;;;;;;;;;;;;;;;;;;;
0765;Älmhult;17 884;C;Mindre städer/tätorter och landsbygdskommuner;7;Pendlingskommun nära mindre stad/tätort;07;Kronobergs län;Region Kronoberg;;;;;;;;;;;;;;;;;;;;;;;
0767;Markaryd;10 373;C;Mindre städer/tätorter och landsbygdskommuner;7;Pendlingskommun nära mindre stad/tätort;07;Kronobergs län;Region Kronoberg;;;;;;;;;;;;;;;;;;;;;;;
0780;Växjö;94 859;B;Större städer och kommuner nära större stad;3;Större stad;07;Kronobergs län;Region Kronoberg;;;;;;;;;;;;;;;;;;;;;;;
0781;Ljungby;28 401;C;Mindre städer/tätorter och landsbygdskommuner;6;Mindre stad/tätort;07;Kronobergs län;Region Kronoberg;;;;;;;;;;;;;;;;;;;;;;;
0821;Högsby;5 731;C;Mindre städer/tätorter och landsbygdskommuner;7;Pendlingskommun nära mindre stad/tätort;08;Kalmar län;Region Kalmar län;;;;;;;;;;;;;;;;;;;;;;;
0834;Torsås;7 149;C;Mindre städer/tätorter och landsbygdskommuner;7;Pendlingskommun nära mindre stad/tätort;08;Kalmar län;Region Kalmar län;;;;;;;;;;;;;;;;;;;;;;;
0840;Mörbylånga;15 487;C;Mindre städer/tätorter och landsbygdskommuner;7;Pendlingskommun nära mindre stad/tätort;08;Kalmar län;Region Kalmar län;;;;;;;;;;;;;;;;;;;;;;;
0860;Hultsfred;14 107;C;Mindre städer/tätorter och landsbygdskommuner;7;Pendlingskommun nära mindre stad/tätort;08;Kalmar län;Region Kalmar län;;;;;;;;;;;;;;;;;;;;;;;
0861;Mönsterås;13 264;C;Mindre städer/tätorter och landsbygdskommuner;7;Pendlingskommun nära mindre stad/tätort;08;Kalmar län;Region Kalmar län;;;;;;;;;;;;;;;;;;;;;;;
0862;Emmaboda;9 360;C;Mindre städer/tätorter och landsbygdskommuner;7;Pendlingskommun nära mindre stad/tätort;08;Kalmar län;Region Kalmar län;;;;;;;;;;;;;;;;;;;;;;;
0880;Kalmar;70 329;C;Mindre städer/tätorter och landsbygdskommuner;6;Mindre stad/tätort;08;Kalmar län;Region Kalmar län;;;;;;;;;;;;;;;;;;;;;;;
0881;Nybro;20 273;C;Mindre städer/tätorter och landsbygdskommuner;7;Pendlingskommun nära mindre stad/tätort;08;Kalmar län;Region Kalmar län;;;;;;;;;;;;;;;;;;;;;;;
0882;Oskarshamn;27 147;C;Mindre städer/tätorter och landsbygdskommuner;6;Mindre stad/tätort;08;Kalmar län;Region Kalmar län;;;;;;;;;;;;;;;;;;;;;;;
0883;Västervik;36 655;C;Mindre städer/tätorter och landsbygdskommuner;6;Mindre stad/tätort;08;Kalmar län;Region Kalmar län;;;;;;;;;;;;;;;;;;;;;;;
0884;Vimmerby;15 672;C;Mindre städer/tätorter och landsbygdskommuner;8;Landsbygdskommun;08;Kalmar län;Region Kalmar län;;;;;;;;;;;;;;;;;;;;;;;
0885;Borgholm;10 836;C;Mindre städer/tätorter och landsbygdskommuner;9;Landsbygdskommun med besöksnäring;08;Kalmar län;Region Kalmar län;;;;;;;;;;;;;;;;;;;;;;;
0980;Gotland;60 124;C;Mindre städer/tätorter och landsbygdskommuner;6;Mindre stad/tätort;09;Gotlands län;Region Gotland;;;;;;;;;;;;;;;;;;;;;;;
1060;Olofström;13 311;C;Mindre städer/tätorter och landsbygdskommuner;7;Pendlingskommun nära mindre stad/tätort;10;Blekinge län;Region Blekinge;;;;;;;;;;;;;;;;;;;;;;;
1080;Karlskrona;66 515;C;Mindre städer/tätorter och landsbygdskommuner;6;Mindre stad/tätort;10;Blekinge län;Region Blekinge;;;;;;;;;;;;;;;;;;;;;;;
1081;Ronneby;29 372;C;Mindre städer/tätorter och landsbygdskommuner;7;Pendlingskommun nära mindre stad/tätort;10;Blekinge län;Region Blekinge;;;;;;;;;;;;;;;;;;;;;;;
1082;Karlshamn;32 402;C;Mindre städer/tätorter och landsbygdskommuner;6;Mindre stad/tätort;10;Blekinge län;Region Blekinge;;;;;;;;;;;;;;;;;;;;;;;
1083;Sölvesborg;17 456;C;Mindre städer/tätorter och landsbygdskommuner;7;Pendlingskommun nära mindre stad/tätort;10;Blekinge län;Region Blekinge;;;;;;;;;;;;;;;;;;;;;;;
1214;Svalöv;14 276;B;Större städer och kommuner nära större stad;4;Pendlingskommun nära större stad;12;Skåne län;Region Skåne;;;;;;;;;;;;;;;;;;;;;;;
1230;Staffanstorp;25 883;A;Storstäder och storstadsnära kommuner;2;Pendlingskommun nära storstad;12;Skåne län;Region Skåne;;;;;;;;;;;;;;;;;;;;;;;
1231;Burlöv;19 312;A;Storstäder och storstadsnära kommuner;2;Pendlingskommun nära storstad;12;Skåne län;Region Skåne;;;;;;;;;;;;;;;;;;;;;;;
1233;Vellinge;36 915;A;Storstäder och storstadsnära kommuner;2;Pendlingskommun nära storstad;12;Skåne län;Region Skåne;;;;;;;;;;;;;;;;;;;;;;;
1256;Östra Göinge;15 017;C;Mindre städer/tätorter och landsbygdskommuner;7;Pendlingskommun nära mindre stad/tätort;12;Skåne län;Region Skåne;;;;;;;;;;;;;;;;;;;;;;;
1257;Örkelljunga;10 451;B;Större städer och kommuner nära större stad;4;Pendlingskommun nära större stad;12;Skåne län;Region Skåne;;;;;;;;;;;;;;;;;;;;;;;
1260;Bjuv;15 697;B;Större städer och kommuner nära större stad;4;Pendlingskommun nära större stad;12;Skåne län;Region Skåne;;;;;;;;;;;;;;;;;;;;;;;
1261;Kävlinge;32 020;A;Storstäder och storstadsnära kommuner;2;Pendlingskommun nära storstad;12;Skåne län;Region Skåne;;;;;;;;;;;;;;;;;;;;;;;
1262;Lomma;24 876;A;Storstäder och storstadsnära kommuner;2;Pendlingskommun nära storstad;12;Skåne län;Region Skåne;;;;;;;;;;;;;;;;;;;;;;;
1263;Svedala;22 665;A;Storstäder och storstadsnära kommuner;2;Pendlingskommun nära storstad;12;Skåne län;Region Skåne;;;;;;;;;;;;;;;;;;;;;;;
1264;Skurup;16 042;A;Storstäder och storstadsnära kommuner;2;Pendlingskommun nära storstad;12;Skåne län;Region Skåne;;;;;;;;;;;;;;;;;;;;;;;
1265;Sjöbo;19 412;B;Större städer och kommuner nära större stad;4;Pendlingskommun nära större stad;12;Skåne län;Region Skåne;;;;;;;;;;;;;;;;;;;;;;;
1266;Hörby;15 653;B;Större städer och kommuner nära större stad;4;Pendlingskommun nära större stad;12;Skåne län;Region Skåne;;;;;;;;;;;;;;;;;;;;;;;
1267;Höör;16 830;B;Större städer och kommuner nära större stad;4;Pendlingskommun nära större stad;12;Skåne län;Region Skåne;;;;;;;;;;;;;;;;;;;;;;;
1270;Tomelilla;13 663;C;Mindre städer/tätorter och landsbygdskommuner;7;Pendlingskommun nära mindre stad/tätort;12;Skåne län;Region Skåne;;;;;;;;;;;;;;;;;;;;;;;
1272;Bromölla;12 759;C;Mindre städer/tätorter och landsbygdskommuner;7;Pendlingskommun nära mindre stad/tätort;12;Skåne län;Region Skåne;;;;;;;;;;;;;;;;;;;;;;;
1273;Osby;13 198;C;Mindre städer/tätorter och landsbygdskommuner;7;Pendlingskommun nära mindre stad/tätort;12;Skåne län;Region Skåne;;;;;;;;;;;;;;;;;;;;;;;
1275;Perstorp;7 476;B;Större städer och kommuner nära större stad;4;Pendlingskommun nära större stad;12;Skåne län;Region Skåne;;;;;;;;;;;;;;;;;;;;;;;
1276;Klippan;17 738;B;Större städer och kommuner nära större stad;4;Pendlingskommun nära större stad;12;Skåne län;Region Skåne;;;;;;;;;;;;;;;;;;;;;;;
1277;Åstorp;16 063;B;Större städer och kommuner nära större stad;4;Pendlingskommun nära större stad;12;Skåne län;Region Skåne;;;;;;;;;;;;;;;;;;;;;;;
1278;Båstad;15 413;C;Mindre städer/tätorter och landsbygdskommuner;9;Landsbygdskommun med besöksnäring;12;Skåne län;Region Skåne;;;;;;;;;;;;;;;;;;;;;;;
1280;Malmö;347 949;A;Storstäder och storstadsnära kommuner;1;Storstäder;12;Skåne län;Region Skåne;;;;;;;;;;;;;;;;;;;;;;;
1281;Lund;125 941;B;Större städer och kommuner nära större stad;3;Större stad;12;Skåne län;Region Skåne;;;;;;;;;;;;;;;;;;;;;;;
1282;Landskrona;46 305;B;Större städer och kommuner nära större stad;4;Pendlingskommun nära större stad;12;Skåne län;Region Skåne;;;;;;;;;;;;;;;;;;;;;;;
1283;Helsingborg;149 280;B;Större städer och kommuner nära större stad;3;Större stad;12;Skåne län;Region Skåne;;;;;;;;;;;;;;;;;;;;;;;
1284;Höganäs;27 168;B;Större städer och kommuner nära större stad;4;Pendlingskommun nära större stad;12;Skåne län;Region Skåne;;;;;;;;;;;;;;;;;;;;;;;
1285;Eslöv;34 123;B;Större städer och kommuner nära större stad;4;Pendlingskommun nära större stad;12;Skåne län;Region Skåne;;;;;;;;;;;;;;;;;;;;;;;
1286;Ystad;30 970;C;Mindre städer/tätorter och landsbygdskommuner;6;Mindre stad/tätort;12;Skåne län;Region Skåne;;;;;;;;;;;;;;;;;;;;;;;
1287;Trelleborg;45 877;A;Storstäder och storstadsnära kommuner;2;Pendlingskommun nära storstad;12;Skåne län;Region Skåne;;;;;;;;;;;;;;;;;;;;;;;
1290;Kristianstad;86 217;C;Mindre städer/tätorter och landsbygdskommuner;6;Mindre stad/tätort;12;Skåne län;Region Skåne;;;;;;;;;;;;;;;;;;;;;;;
1291;Simrishamn;19 227;C;Mindre städer/tätorter och landsbygdskommuner;7;Pendlingskommun nära mindre stad/tätort;12;Skåne län;Region Skåne;;;;;;;;;;;;;;;;;;;;;;;
1292;Ängelholm;42 910;B;Större städer och kommuner nära större stad;4;Pendlingskommun nära större stad;12;Skåne län;Region Skåne;;;;;;;;;;;;;;;;;;;;;;;
1293;Hässleholm;52 010;C;Mindre städer/tätorter och landsbygdskommuner;6;Mindre stad/tätort;12;Skåne län;Region Skåne;;;;;;;;;;;;;;;;;;;;;;;
1315;Hylte;10 649;B;Större städer och kommuner nära större stad;5;Lågpendlingskommun nära större stad;13;Hallands län;Region Halland;;;;;;;;;;;;;;;;;;;;;;;
1380;Halmstad;103 754;B;Större städer och kommuner nära större stad;3;Större stad;13;Hallands län;Region Halland;;;;;;;;;;;;;;;;;;;;;;;
1381;Laholm;25 967;B;Större städer och kommuner nära större stad;4;Pendlingskommun nära större stad;13;Hallands län;Region Halland;;;;;;;;;;;;;;;;;;;;;;;
1382;Falkenberg;46 051;C;Mindre städer/tätorter och landsbygdskommuner;6;Mindre stad/tätort;13;Hallands län;Region Halland;;;;;;;;;;;;;;;;;;;;;;;
1383;Varberg;65 397;C;Mindre städer/tätorter och landsbygdskommuner;6;Mindre stad/tätort;13;Hallands län;Region Halland;;;;;;;;;;;;;;;;;;;;;;;
1384;Kungsbacka;84 930;A;Storstäder och storstadsnära kommuner;2;Pendlingskommun nära storstad;13;Hallands län;Region Halland;;;;;;;;;;;;;;;;;;;;;;;
1401;Härryda;38 246;A;Storstäder och storstadsnära kommuner;2;Pendlingskommun nära storstad;14;Västra Götalands län;Västra Götalandsregionen;;;;;;;;;;;;;;;;;;;;;;;
1402;Partille;39 512;A;Storstäder och storstadsnära kommuner;2;Pendlingskommun nära storstad;14;Västra Götalands län;Västra Götalandsregionen;;;;;;;;;;;;;;;;;;;;;;;
1407;Öckerö;12 934;A;Storstäder och storstadsnära kommuner;2;Pendlingskommun nära storstad;14;Västra Götalands län;Västra Götalandsregionen;;;;;;;;;;;;;;;;;;;;;;;
1415;Stenungsund;27 044;A;Storstäder och storstadsnära kommuner;2;Pendlingskommun nära storstad;14;Västra Götalands län;Västra Götalandsregionen;;;;;;;;;;;;;;;;;;;;;;;
1419;Tjörn;16 147;C;Mindre städer/tätorter och landsbygdskommuner;7;Pendlingskommun nära mindre stad/tätort;14;Västra Götalands län;Västra Götalandsregionen;;;;;;;;;;;;;;;;;;;;;;;
1421;Orust;15 315;C;Mindre städer/tätorter och landsbygdskommuner;7;Pendlingskommun nära mindre stad/tätort;14;Västra Götalands län;Västra Götalandsregionen;;;;;;;;;;;;;;;;;;;;;;;
1427;Sotenäs;9 100;C;Mindre städer/tätorter och landsbygdskommuner;9;Landsbygdskommun med besöksnäring;14;Västra Götalands län;Västra Götalandsregionen;;;;;;;;;;;;;;;;;;;;;;;
1430;Munkedal;10 582;C;Mindre städer/tätorter och landsbygdskommuner;7;Pendlingskommun nära mindre stad/tätort;14;Västra Götalands län;Västra Götalandsregionen;;;;;;;;;;;;;;;;;;;;;;;
1435;Tanum;12 912;C;Mindre städer/tätorter och landsbygdskommuner;9;Landsbygdskommun med besöksnäring;14;Västra Götalands län;Västra Götalandsregionen;;;;;;;;;;;;;;;;;;;;;;;
1438;Dals-Ed;4 761;C;Mindre städer/tätorter och landsbygdskommuner;8;Landsbygdskommun;14;Västra Götalands län;Västra Götalandsregionen;;;;;;;;;;;;;;;;;;;;;;;
1439;Färgelanda;6 658;B;Större städer och kommuner nära större stad;4;Pendlingskommun nära större stad;14;Västra Götalands län;Västra Götalandsregionen;;;;;;;;;;;;;;;;;;;;;;;
1440;Ale;31 868;A;Storstäder och storstadsnära kommuner;2;Pendlingskommun nära storstad;14;Västra Götalands län;Västra Götalandsregionen;;;;;;;;;;;;;;;;;;;;;;;
1441;Lerum;43 020;A;Storstäder och storstadsnära kommuner;2;Pendlingskommun nära storstad;14;Västra Götalands län;Västra Götalandsregionen;;;;;;;;;;;;;;;;;;;;;;;
1442;Vårgårda;11 946;C;Mindre städer/tätorter och landsbygdskommuner;7;Pendlingskommun nära mindre stad/tätort;14;Västra Götalands län;Västra Götalandsregionen;;;;;;;;;;;;;;;;;;;;;;;
1443;Bollebygd;9 544;A;Storstäder och storstadsnära kommuner;2;Pendlingskommun nära storstad;14;Västra Götalands län;Västra Götalandsregionen;;;;;;;;;;;;;;;;;;;;;;;
1444;Grästorp;5 685;B;Större städer och kommuner nära större stad;4;Pendlingskommun nära större stad;14;Västra Götalands län;Västra Götalandsregionen;;;;;;;;;;;;;;;;;;;;;;;
1445;Essunga;5 687;C;Mindre städer/tätorter och landsbygdskommuner;7;Pendlingskommun nära mindre stad/tätort;14;Västra Götalands län;Västra Götalandsregionen;;;;;;;;;;;;;;;;;;;;;;;
1446;Karlsborg;6 962;C;Mindre städer/tätorter och landsbygdskommuner;7;Pendlingskommun nära mindre stad/tätort;14;Västra Götalands län;Västra Götalandsregionen;;;;;;;;;;;;;;;;;;;;;;;
1447;Gullspång;5 169;C;Mindre städer/tätorter och landsbygdskommuner;7;Pendlingskommun nära mindre stad/tätort;14;Västra Götalands län;Västra Götalandsregionen;;;;;;;;;;;;;;;;;;;;;;;
1452;Tranemo;11 885;B;Större städer och kommuner nära större stad;5;Lågpendlingskommun nära större stad;14;Västra Götalands län;Västra Götalandsregionen;;;;;;;;;;;;;;;;;;;;;;;
1460;Bengtsfors;9 591;C;Mindre städer/tätorter och landsbygdskommuner;8;Landsbygdskommun;14;Västra Götalands län;Västra Götalandsregionen;;;;;;;;;;;;;;;;;;;;;;;
1461;Mellerud;9 312;C;Mindre städer/tätorter och landsbygdskommuner;7;Pendlingskommun nära mindre stad/tätort;14;Västra Götalands län;Västra Götalandsregionen;;;;;;;;;;;;;;;;;;;;;;;
1462;Lilla Edet;14 282;A;Storstäder och storstadsnära kommuner;2;Pendlingskommun nära storstad;14;Västra Götalands län;Västra Götalandsregionen;;;;;;;;;;;;;;;;;;;;;;;
1463;Mark;34 896;B;Större städer och kommuner nära större stad;4;Pendlingskommun nära större stad;14;Västra Götalands län;Västra Götalandsregionen;;;;;;;;;;;;;;;;;;;;;;;
1465;Svenljunga;10 751;B;Större städer och kommuner nära större stad;4;Pendlingskommun nära större stad;14;Västra Götalands län;Västra Götalandsregionen;;;;;;;;;;;;;;;;;;;;;;;
1466;Herrljunga;9 444;B;Större städer och kommuner nära större stad;5;Lågpendlingskommun nära större stad;14;Västra Götalands län;Västra Götalandsregionen;;;;;;;;;;;;;;;;;;;;;;;
1470;Vara;16 096;C;Mindre städer/tätorter och landsbygdskommuner;7;Pendlingskommun nära mindre stad/tätort;14;Västra Götalands län;Västra Götalandsregionen;;;;;;;;;;;;;;;;;;;;;;;
1471;Götene;13 194;C;Mindre städer/tätorter och landsbygdskommuner;7;Pendlingskommun nära mindre stad/tätort;14;Västra Götalands län;Västra Götalandsregionen;;;;;;;;;;;;;;;;;;;;;;;
1472;Tibro;11 297;C;Mindre städer/tätorter och landsbygdskommuner;7;Pendlingskommun nära mindre stad/tätort;14;Västra Götalands län;Västra Götalandsregionen;;;;;;;;;;;;;;;;;;;;;;;
1473;Töreboda;9 281;C;Mindre städer/tätorter och landsbygdskommuner;7;Pendlingskommun nära mindre stad/tätort;14;Västra Götalands län;Västra Götalandsregionen;;;;;;;;;;;;;;;;;;;;;;;
1480;Göteborg;583 056;A;Storstäder och storstadsnära kommuner;1;Storstäder;14;Västra Götalands län;Västra Götalandsregionen;;;;;;;;;;;;;;;;;;;;;;;
1481;Mölndal;69 901;A;Storstäder och storstadsnära kommuner;2;Pendlingskommun nära storstad;14;Västra Götalands län;Västra Götalandsregionen;;;;;;;;;;;;;;;;;;;;;;;
1482;Kungälv;47 050;A;Storstäder och storstadsnära kommuner;2;Pendlingskommun nära storstad;14;Västra Götalands län;Västra Götalandsregionen;;;;;;;;;;;;;;;;;;;;;;;
1484;Lysekil;14 366;B;Större städer och kommuner nära större stad;5;Lågpendlingskommun nära större stad;14;Västra Götalands län;Västra Götalandsregionen;;;;;;;;;;;;;;;;;;;;;;;
1485;Uddevalla;56 787;B;Större städer och kommuner nära större stad;5;Lågpendlingskommun nära större stad;14;Västra Götalands län;Västra Götalandsregionen;;;;;;;;;;;;;;;;;;;;;;;
1486;Strömstad;13 244;C;Mindre städer/tätorter och landsbygdskommuner;9;Landsbygdskommun med besöksnäring;14;Västra Götalands län;Västra Götalandsregionen;;;;;;;;;;;;;;;;;;;;;;;
1487;Vänersborg;39 624;B;Större städer och kommuner nära större stad;4;Pendlingskommun nära större stad;14;Västra Götalands län;Västra Götalandsregionen;;;;;;;;;;;;;;;;;;;;;;;
1488;Trollhättan;59 249;B;Större städer och kommuner nära större stad;3;Större stad;14;Västra Götalands län;Västra Götalandsregionen;;;;;;;;;;;;;;;;;;;;;;;
1489;Alingsås;41 602;A;Storstäder och storstadsnära kommuner;2;Pendlingskommun nära storstad;14;Västra Götalands län;Västra Götalandsregionen;;;;;;;;;;;;;;;;;;;;;;;
1490;Borås;113 714;B;Större städer och kommuner nära större stad;3;Större stad;14;Västra Götalands län;Västra Götalandsregionen;;;;;;;;;;;;;;;;;;;;;;;
1491;Ulricehamn;24 704;B;Större städer och kommuner nära större stad;5;Lågpendlingskommun nära större stad;14;Västra Götalands län;Västra Götalandsregionen;;;;;;;;;;;;;;;;;;;;;;;
1492;Åmål;12 441;C;Mindre städer/tätorter och landsbygdskommuner;8;Landsbygdskommun;14;Västra Götalands län;Västra Götalandsregionen;;;;;;;;;;;;;;;;;;;;;;;
1493;Mariestad;24 513;C;Mindre städer/tätorter och landsbygdskommuner;6;Mindre stad/tätort;14;Västra Götalands län;Västra Götalandsregionen;;;;;;;;;;;;;;;;;;;;;;;
1494;Lidköping;40 328;C;Mindre städer/tätorter och landsbygdskommuner;6;Mindre stad/tätort;14;Västra Götalands län;Västra Götalandsregionen;;;;;;;;;;;;;;;;;;;;;;;
1495;Skara;18 695;C;Mindre städer/tätorter och landsbygdskommuner;7;Pendlingskommun nära mindre stad/tätort;14;Västra Götalands län;Västra Götalandsregionen;;;;;;;;;;;;;;;;;;;;;;;
1496;Skövde;56 791;C;Mindre städer/tätorter och landsbygdskommuner;6;Mindre stad/tätort;14;Västra Götalands län;Västra Götalandsregionen;;;;;;;;;;;;;;;;;;;;;;;
1497;Hjo;9 229;C;Mindre städer/tätorter och landsbygdskommuner;7;Pendlingskommun nära mindre stad/tätort;14;Västra Götalands län;Västra Götalandsregionen;;;;;;;;;;;;;;;;;;;;;;;
1498;Tidaholm;12 790;C;Mindre städer/tätorter och landsbygdskommuner;7;Pendlingskommun nära mindre stad/tätort;14;Västra Götalands län;Västra Götalandsregionen;;;;;;;;;;;;;;;;;;;;;;;
1499;Falköping;33 238;C;Mindre städer/tätorter och landsbygdskommuner;6;Mindre stad/tätort;14;Västra Götalands län;Västra Götalandsregionen;;;;;;;;;;;;;;;;;;;;;;;
1715;Kil;12 115;B;Större städer och kommuner nära större stad;4;Pendlingskommun nära större stad;17;Värmlands län;Region Värmland;;;;;;;;;;;;;;;;;;;;;;;
1730;Eda;8 550;C;Mindre städer/tätorter och landsbygdskommuner;9;Landsbygdskommun med besöksnäring;17;Värmlands län;Region Värmland;;;;;;;;;;;;;;;;;;;;;;;
1737;Torsby;11 549;C;Mindre städer/tätorter och landsbygdskommuner;8;Landsbygdskommun;17;Värmlands län;Region Värmland;;;;;;;;;;;;;;;;;;;;;;;
1760;Storfors;3 990;C;Mindre städer/tätorter och landsbygdskommuner;7;Pendlingskommun nära mindre stad/tätort;17;Värmlands län;Region Värmland;;;;;;;;;;;;;;;;;;;;;;;
1761;Hammarö;16 668;B;Större städer och kommuner nära större stad;4;Pendlingskommun nära större stad;17;Värmlands län;Region Värmland;;;;;;;;;;;;;;;;;;;;;;;
1762;Munkfors;3 725;B;Större städer och kommuner nära större stad;5;Lågpendlingskommun nära större stad;17;Värmlands län;Region Värmland;;;;;;;;;;;;;;;;;;;;;;;
1763;Forshaga;11 524;B;Större städer och kommuner nära större stad;4;Pendlingskommun nära större stad;17;Värmlands län;Region Värmland;;;;;;;;;;;;;;;;;;;;;;;
1764;Grums;9 043;B;Större städer och kommuner nära större stad;4;Pendlingskommun nära större stad;17;Värmlands län;Region Värmland;;;;;;;;;;;;;;;;;;;;;;;
1765;Årjäng;9 996;C;Mindre städer/tätorter och landsbygdskommuner;8;Landsbygdskommun;17;Värmlands län;Region Värmland;;;;;;;;;;;;;;;;;;;;;;;
1766;Sunne;13 335;C;Mindre städer/tätorter och landsbygdskommuner;8;Landsbygdskommun;17;Värmlands län;Region Värmland;;;;;;;;;;;;;;;;;;;;;;;
1780;Karlstad;94 828;B;Större städer och kommuner nära större stad;3;Större stad;17;Värmlands län;Region Värmland;;;;;;;;;;;;;;;;;;;;;;;
1781;Kristinehamn;24 190;B;Större städer och kommuner nära större stad;5;Lågpendlingskommun nära större stad;17;Värmlands län;Region Värmland;;;;;;;;;;;;;;;;;;;;;;;
1782;Filipstad;10 503;C;Mindre städer/tätorter och landsbygdskommuner;8;Landsbygdskommun;17;Värmlands län;Region Värmland;;;;;;;;;;;;;;;;;;;;;;;
1783;Hagfors;11 517;C;Mindre städer/tätorter och landsbygdskommuner;8;Landsbygdskommun;17;Värmlands län;Region Värmland;;;;;;;;;;;;;;;;;;;;;;;
1784;Arvika;25 932;C;Mindre städer/tätorter och landsbygdskommuner;8;Landsbygdskommun;17;Värmlands län;Region Värmland;;;;;;;;;;;;;;;;;;;;;;;
1785;Säffle;15 420;B;Större städer och kommuner nära större stad;5;Lågpendlingskommun nära större stad;17;Värmlands län;Region Värmland;;;;;;;;;;;;;;;;;;;;;;;
1814;Lekeberg;8 472;B;Större städer och kommuner nära större stad;4;Pendlingskommun nära större stad;18;Örebro län;Region Örebro län;;;;;;;;;;;;;;;;;;;;;;;
1860;Laxå;5 659;B;Större städer och kommuner nära större stad;5;Lågpendlingskommun nära större stad;18;Örebro län;Region Örebro län;;;;;;;;;;;;;;;;;;;;;;;
1861;Hallsberg;15 990;B;Större städer och kommuner nära större stad;4;Pendlingskommun nära större stad;18;Örebro län;Region Örebro län;;;;;;;;;;;;;;;;;;;;;;;
1862;Degerfors;9 631;C;Mindre städer/tätorter och landsbygdskommuner;7;Pendlingskommun nära mindre stad/tätort;18;Örebro län;Region Örebro län;;;;;;;;;;;;;;;;;;;;;;;
1863;Hällefors;6 896;C;Mindre städer/tätorter och landsbygdskommuner;8;Landsbygdskommun;18;Örebro län;Region Örebro län;;;;;;;;;;;;;;;;;;;;;;;
1864;Ljusnarsberg;4 674;C;Mindre städer/tätorter och landsbygdskommuner;7;Pendlingskommun nära mindre stad/tätort;18;Örebro län;Region Örebro län;;;;;;;;;;;;;;;;;;;;;;;
1880;Örebro;156 381;B;Större städer och kommuner nära större stad;3;Större stad;18;Örebro län;Region Örebro län;;;;;;;;;;;;;;;;;;;;;;;
1881;Kumla;21 862;B;Större städer och kommuner nära större stad;4;Pendlingskommun nära större stad;18;Örebro län;Region Örebro län;;;;;;;;;;;;;;;;;;;;;;;
1882;Askersund;11 471;B;Större städer och kommuner nära större stad;5;Lågpendlingskommun nära större stad;18;Örebro län;Region Örebro län;;;;;;;;;;;;;;;;;;;;;;;
1883;Karlskoga;30 263;C;Mindre städer/tätorter och landsbygdskommuner;6;Mindre stad/tätort;18;Örebro län;Region Örebro län;;;;;;;;;;;;;;;;;;;;;;;
1884;Nora;10 686;B;Större städer och kommuner nära större stad;4;Pendlingskommun nära större stad;18;Örebro län;Region Örebro län;;;;;;;;;;;;;;;;;;;;;;;
1885;Lindesberg;23 658;B;Större städer och kommuner nära större stad;5;Lågpendlingskommun nära större stad;18;Örebro län;Region Örebro län;;;;;;;;;;;;;;;;;;;;;;;
1904;Skinnskatteberg;4 366;C;Mindre städer/tätorter och landsbygdskommuner;7;Pendlingskommun nära mindre stad/tätort;19;Västmanlands län;Region Västmanland;;;;;;;;;;;;;;;;;;;;;;;
1907;Surahammar;10 092;B;Större städer och kommuner nära större stad;4;Pendlingskommun nära större stad;19;Västmanlands län;Region Västmanland;;;;;;;;;;;;;;;;;;;;;;;
1960;Kungsör;8 745;C;Mindre städer/tätorter och landsbygdskommuner;7;Pendlingskommun nära mindre stad/tätort;19;Västmanlands län;Region Västmanland;;;;;;;;;;;;;;;;;;;;;;;
1961;Hallstahammar;16 400;B;Större städer och kommuner nära större stad;4;Pendlingskommun nära större stad;19;Västmanlands län;Region Västmanland;;;;;;;;;;;;;;;;;;;;;;;
1962;Norberg;5 729;C;Mindre städer/tätorter och landsbygdskommuner;7;Pendlingskommun nära mindre stad/tätort;19;Västmanlands län;Region Västmanland;;;;;;;;;;;;;;;;;;;;;;;
1980;Västerås;155 551;B;Större städer och kommuner nära större stad;3;Större stad;19;Västmanlands län;Region Västmanland;;;;;;;;;;;;;;;;;;;;;;;
1981;Sala;22 867;B;Större städer och kommuner nära större stad;5;Lågpendlingskommun nära större stad;19;Västmanlands län;Region Västmanland;;;;;;;;;;;;;;;;;;;;;;;
1982;Fagersta;13 267;C;Mindre städer/tätorter och landsbygdskommuner;7;Pendlingskommun nära mindre stad/tätort;19;Västmanlands län;Region Västmanland;;;;;;;;;;;;;;;;;;;;;;;
1983;Köping;26 085;B;Större städer och kommuner nära större stad;5;Lågpendlingskommun nära större stad;19;Västmanlands län;Region Västmanland;;;;;;;;;;;;;;;;;;;;;;;
1984;Arboga;14 039;C;Mindre städer/tätorter och landsbygdskommuner;7;Pendlingskommun nära mindre stad/tätort;19;Västmanlands län;Region Västmanland;;;;;;;;;;;;;;;;;;;;;;;
2021;Vansbro;6 801;C;Mindre städer/tätorter och landsbygdskommuner;8;Landsbygdskommun;20;Dalarnas län;Region Dalarna;;;;;;;;;;;;;;;;;;;;;;;
2023;Malung-Sälen;10 177;C;Mindre städer/tätorter och landsbygdskommuner;9;Landsbygdskommun med besöksnäring;20;Dalarnas län;Region Dalarna;;;;;;;;;;;;;;;;;;;;;;;
2026;Gagnef;10 378;B;Större städer och kommuner nära större stad;4;Pendlingskommun nära större stad;20;Dalarnas län;Region Dalarna;;;;;;;;;;;;;;;;;;;;;;;
2029;Leksand;15 801;C;Mindre städer/tätorter och landsbygdskommuner;9;Landsbygdskommun med besöksnäring;20;Dalarnas län;Region Dalarna;;;;;;;;;;;;;;;;;;;;;;;
2031;Rättvik;11 047;C;Mindre städer/tätorter och landsbygdskommuner;9;Landsbygdskommun med besöksnäring;20;Dalarnas län;Region Dalarna;;;;;;;;;;;;;;;;;;;;;;;
2034;Orsa;6 877;C;Mindre städer/tätorter och landsbygdskommuner;9;Landsbygdskommun med besöksnäring;20;Dalarnas län;Region Dalarna;;;;;;;;;;;;;;;;;;;;;;;
2039;Älvdalen;7 033;C;Mindre städer/tätorter och landsbygdskommuner;9;Landsbygdskommun med besöksnäring;20;Dalarnas län;Region Dalarna;;;;;;;;;;;;;;;;;;;;;;;
2061;Smedjebacken;10 854;C;Mindre städer/tätorter och landsbygdskommuner;7;Pendlingskommun nära mindre stad/tätort;20;Dalarnas län;Region Dalarna;;;;;;;;;;;;;;;;;;;;;;;
2062;Mora;20 492;C;Mindre städer/tätorter och landsbygdskommuner;8;Landsbygdskommun;20;Dalarnas län;Region Dalarna;;;;;;;;;;;;;;;;;;;;;;;
2080;Falun;59 528;C;Mindre städer/tätorter och landsbygdskommuner;6;Mindre stad/tätort;20;Dalarnas län;Region Dalarna;;;;;;;;;;;;;;;;;;;;;;;
2081;Borlänge;52 394;B;Större städer och kommuner nära större stad;3;Större stad;20;Dalarnas län;Region Dalarna;;;;;;;;;;;;;;;;;;;;;;;
2082;Säter;11 161;B;Större städer och kommuner nära större stad;4;Pendlingskommun nära större stad;20;Dalarnas län;Region Dalarna;;;;;;;;;;;;;;;;;;;;;;;
2083;Hedemora;15 462;C;Mindre städer/tätorter och landsbygdskommuner;7;Pendlingskommun nära mindre stad/tätort;20;Dalarnas län;Region Dalarna;;;;;;;;;;;;;;;;;;;;;;;
2084;Avesta;23 067;C;Mindre städer/tätorter och landsbygdskommuner;6;Mindre stad/tätort;20;Dalarnas län;Region Dalarna;;;;;;;;;;;;;;;;;;;;;;;
2085;Ludvika;26 604;C;Mindre städer/tätorter och landsbygdskommuner;8;Landsbygdskommun;20;Dalarnas län;Region Dalarna;;;;;;;;;;;;;;;;;;;;;;;
2101;Ockelbo;5 884;B;Större städer och kommuner nära större stad;5;Lågpendlingskommun nära större stad;21;Gävleborgs län;Region Gävleborg;;;;;;;;;;;;;;;;;;;;;;;
2104;Hofors;9 570;B;Större städer och kommuner nära större stad;5;Lågpendlingskommun nära större stad;21;Gävleborgs län;Region Gävleborg;;;;;;;;;;;;;;;;;;;;;;;
2121;Ovanåker;11 672;C;Mindre städer/tätorter och landsbygdskommuner;8;Landsbygdskommun;21;Gävleborgs län;Region Gävleborg;;;;;;;;;;;;;;;;;;;;;;;
2132;Nordanstig;9 483;C;Mindre städer/tätorter och landsbygdskommuner;7;Pendlingskommun nära mindre stad/tätort;21;Gävleborgs län;Region Gävleborg;;;;;;;;;;;;;;;;;;;;;;;
2161;Ljusdal;18 867;C;Mindre städer/tätorter och landsbygdskommuner;8;Landsbygdskommun;21;Gävleborgs län;Region Gävleborg;;;;;;;;;;;;;;;;;;;;;;;
2180;Gävle;102 904;B;Större städer och kommuner nära större stad;3;Större stad;21;Gävleborgs län;Region Gävleborg;;;;;;;;;;;;;;;;;;;;;;;
2181;Sandviken;39 290;B;Större städer och kommuner nära större stad;5;Lågpendlingskommun nära större stad;21;Gävleborgs län;Region Gävleborg;;;;;;;;;;;;;;;;;;;;;;;
2182;Söderhamn;25 492;C;Mindre städer/tätorter och landsbygdskommuner;8;Landsbygdskommun;21;Gävleborgs län;Region Gävleborg;;;;;;;;;;;;;;;;;;;;;;;
2183;Bollnäs;26 809;C;Mindre städer/tätorter och landsbygdskommuner;8;Landsbygdskommun;21;Gävleborgs län;Region Gävleborg;;;;;;;;;;;;;;;;;;;;;;;
2184;Hudiksvall;37 531;C;Mindre städer/tätorter och landsbygdskommuner;6;Mindre stad/tätort;21;Gävleborgs län;Region Gävleborg;;;;;;;;;;;;;;;;;;;;;;;
2260;Ånge;9 226;C;Mindre städer/tätorter och landsbygdskommuner;8;Landsbygdskommun;22;Västernorrlands län;Region Västernorrland;;;;;;;;;;;;;;;;;;;;;;;
2262;Timrå;17 963;B;Större städer och kommuner nära större stad;4;Pendlingskommun nära större stad;22;Västernorrlands län;Region Västernorrland;;;;;;;;;;;;;;;;;;;;;;;
2280;Härnösand;25 114;C;Mindre städer/tätorter och landsbygdskommuner;6;Mindre stad/tätort;22;Västernorrlands län;Region Västernorrland;;;;;;;;;;;;;;;;;;;;;;;
2281;Sundsvall;99 439;B;Större städer och kommuner nära större stad;3;Större stad;22;Västernorrlands län;Region Västernorrland;;;;;;;;;;;;;;;;;;;;;;;
2282;Kramfors;18 133;C;Mindre städer/tätorter och landsbygdskommuner;8;Landsbygdskommun;22;Västernorrlands län;Region Västernorrland;;;;;;;;;;;;;;;;;;;;;;;
2283;Sollefteå;18 872;C;Mindre städer/tätorter och landsbygdskommuner;8;Landsbygdskommun;22;Västernorrlands län;Region Västernorrland;;;;;;;;;;;;;;;;;;;;;;;
2284;Örnsköldsvik;55 807;C;Mindre städer/tätorter och landsbygdskommuner;6;Mindre stad/tätort;22;Västernorrlands län;Region Västernorrland;;;;;;;;;;;;;;;;;;;;;;;
2303;Ragunda;5 208;C;Mindre städer/tätorter och landsbygdskommuner;8;Landsbygdskommun;23;Jämtlands län;Region Jämtland Härjedalen;;;;;;;;;;;;;;;;;;;;;;;
2305;Bräcke;6 181;B;Större städer och kommuner nära större stad;5;Lågpendlingskommun nära större stad;23;Jämtlands län;Region Jämtland Härjedalen;;;;;;;;;;;;;;;;;;;;;;;
2309;Krokom;15 054;B;Större städer och kommuner nära större stad;4;Pendlingskommun nära större stad;23;Jämtlands län;Region Jämtland Härjedalen;;;;;;;;;;;;;;;;;;;;;;;
2313;Strömsund;11 488;C;Mindre städer/tätorter och landsbygdskommuner;8;Landsbygdskommun;23;Jämtlands län;Region Jämtland Härjedalen;;;;;;;;;;;;;;;;;;;;;;;
2321;Åre;12 049;C;Mindre städer/tätorter och landsbygdskommuner;9;Landsbygdskommun med besöksnäring;23;Jämtlands län;Region Jämtland Härjedalen;;;;;;;;;;;;;;;;;;;;;;;
2326;Berg;7 120;B;Större städer och kommuner nära större stad;5;Lågpendlingskommun nära större stad;23;Jämtlands län;Region Jämtland Härjedalen;;;;;;;;;;;;;;;;;;;;;;;
2361;Härjedalen;10 070;C;Mindre städer/tätorter och landsbygdskommuner;9;Landsbygdskommun med besöksnäring;23;Jämtlands län;Region Jämtland Härjedalen;;;;;;;;;;;;;;;;;;;;;;;
2380;Östersund;63 985;B;Större städer och kommuner nära större stad;3;Större stad;23;Jämtlands län;Region Jämtland Härjedalen;;;;;;;;;;;;;;;;;;;;;;;
2401;Nordmaling;7 108;B;Större städer och kommuner nära större stad;4;Pendlingskommun nära större stad;24;Västerbottens län;Region Västerbotten;;;;;;;;;;;;;;;;;;;;;;;
2403;Bjurholm;2 387;B;Större städer och kommuner nära större stad;4;Pendlingskommun nära större stad;24;Västerbottens län;Region Västerbotten;;;;;;;;;;;;;;;;;;;;;;;
2404;Vindeln;5 485;B;Större städer och kommuner nära större stad;5;Lågpendlingskommun nära större stad;24;Västerbottens län;Region Västerbotten;;;;;;;;;;;;;;;;;;;;;;;
2409;Robertsfors;6 748;B;Större städer och kommuner nära större stad;5;Lågpendlingskommun nära större stad;24;Västerbottens län;Region Västerbotten;;;;;;;;;;;;;;;;;;;;;;;
2417;Norsjö;3 945;C;Mindre städer/tätorter och landsbygdskommuner;8;Landsbygdskommun;24;Västerbottens län;Region Västerbotten;;;;;;;;;;;;;;;;;;;;;;;
2418;Malå;3 024;C;Mindre städer/tätorter och landsbygdskommuner;8;Landsbygdskommun;24;Västerbottens län;Region Västerbotten;;;;;;;;;;;;;;;;;;;;;;;
2421;Storuman;5 826;C;Mindre städer/tätorter och landsbygdskommuner;9;Landsbygdskommun med besöksnäring;24;Västerbottens län;Region Västerbotten;;;;;;;;;;;;;;;;;;;;;;;
2422;Sorsele;2 442;C;Mindre städer/tätorter och landsbygdskommuner;8;Landsbygdskommun;24;Västerbottens län;Region Västerbotten;;;;;;;;;;;;;;;;;;;;;;;
2425;Dorotea;2 498;C;Mindre städer/tätorter och landsbygdskommuner;8;Landsbygdskommun;24;Västerbottens län;Region Västerbotten;;;;;;;;;;;;;;;;;;;;;;;
2460;Vännäs;8 997;B;Större städer och kommuner nära större stad;4;Pendlingskommun nära större stad;24;Västerbottens län;Region Västerbotten;;;;;;;;;;;;;;;;;;;;;;;
2462;Vilhelmina;6 539;C;Mindre städer/tätorter och landsbygdskommuner;8;Landsbygdskommun;24;Västerbottens län;Region Västerbotten;;;;;;;;;;;;;;;;;;;;;;;
2463;Åsele;2 805;C;Mindre städer/tätorter och landsbygdskommuner;8;Landsbygdskommun;24;Västerbottens län;Region Västerbotten;;;;;;;;;;;;;;;;;;;;;;;
2480;Umeå;130 224;B;Större städer och kommuner nära större stad;3;Större stad;24;Västerbottens län;Region Västerbotten;;;;;;;;;;;;;;;;;;;;;;;
2481;Lycksele;12 324;C;Mindre städer/tätorter och landsbygdskommuner;8;Landsbygdskommun;24;Västerbottens län;Region Västerbotten;;;;;;;;;;;;;;;;;;;;;;;
2482;Skellefteå;72 840;C;Mindre städer/tätorter och landsbygdskommuner;6;Mindre stad/tätort;24;Västerbottens län;Region Västerbotten;;;;;;;;;;;;;;;;;;;;;;;
2505;Arvidsjaur;6 145;C;Mindre städer/tätorter och landsbygdskommuner;8;Landsbygdskommun;25;Norrbottens län;Region Norrbotten;;;;;;;;;;;;;;;;;;;;;;;
2506;Arjeplog;2 718;C;Mindre städer/tätorter och landsbygdskommuner;9;Landsbygdskommun med besöksnäring;25;Norrbottens län;Region Norrbotten;;;;;;;;;;;;;;;;;;;;;;;
2510;Jokkmokk;4 851;C;Mindre städer/tätorter och landsbygdskommuner;8;Landsbygdskommun;25;Norrbottens län;Region Norrbotten;;;;;;;;;;;;;;;;;;;;;;;
2513;Överkalix;3 289;C;Mindre städer/tätorter och landsbygdskommuner;8;Landsbygdskommun;25;Norrbottens län;Region Norrbotten;;;;;;;;;;;;;;;;;;;;;;;
2514;Kalix;15 812;C;Mindre städer/tätorter och landsbygdskommuner;8;Landsbygdskommun;25;Norrbottens län;Region Norrbotten;;;;;;;;;;;;;;;;;;;;;;;
2518;Övertorneå;4 217;C;Mindre städer/tätorter och landsbygdskommuner;8;Landsbygdskommun;25;Norrbottens län;Region Norrbotten;;;;;;;;;;;;;;;;;;;;;;;
2521;Pajala;5 966;C;Mindre städer/tätorter och landsbygdskommuner;8;Landsbygdskommun;25;Norrbottens län;Region Norrbotten;;;;;;;;;;;;;;;;;;;;;;;
2523;Gällivare;17 462;C;Mindre städer/tätorter och landsbygdskommuner;8;Landsbygdskommun;25;Norrbottens län;Region Norrbotten;;;;;;;;;;;;;;;;;;;;;;;
2560;Älvsbyn;8 054;B;Större städer och kommuner nära större stad;5;Lågpendlingskommun nära större stad;25;Norrbottens län;Region Norrbotten;;;;;;;;;;;;;;;;;;;;;;;
2580;Luleå;78 549;B;Större städer och kommuner nära större stad;3;Större stad;25;Norrbottens län;Region Norrbotten;;;;;;;;;;;;;;;;;;;;;;;
2581;Piteå;42 226;C;Mindre städer/tätorter och landsbygdskommuner;6;Mindre stad/tätort;25;Norrbottens län;Region Norrbotten;;;;;;;;;;;;;;;;;;;;;;;
2582;Boden;28 060;B;Större städer och kommuner nära större stad;5;Lågpendlingskommun nära större stad;25;Norrbottens län;Region Norrbotten;;;;;;;;;;;;;;;;;;;;;;;
2583;Haparanda;9 601;C;Mindre städer/tätorter och landsbygdskommuner;8;Landsbygdskommun;25;Norrbottens län;Region Norrbotten;;;;;;;;;;;;;;;;;;;;;;;
2584;Kiruna;22 664;C;Mindre städer/tätorter och landsbygdskommuner;6;Mindre stad/tätort;25;Norrbottens län;Region Norrbotten;;;;;;;;;;;;;;;;;;;;;;;